逝者姓名,身份证件类型代码,身份证件号码,性别代码,年龄,户籍地址,火化证件发证单位,火化证件编号,火化日期,火化所在殡仪馆
沈彬,01,120000192105071830,1,2,浙江省敏县崇文倪路P座 878922,XX殡仪馆,HZ551952,2026-01-05,XX市殡仪馆
李杨,01,540000194110307569,0,71,江西省丽娟县六枝特范街e座 103027,XX殡仪馆,HZ583372,2026-01-05,XX市殡仪馆
师玉华,01,530000201111139668,1,117,福建省坤市海陵梧州街x座 533008,XX殡仪馆,HZ666309,2026-01-01,XX市殡仪馆
陶红霞,01,620000202107085683,1,120,河北省香港县沈北新王路H座 143413,XX殡仪馆,HZ869222,2026-01-06,XX市殡仪馆
李志强,01,410000201809221359,0,6,海南省太原市新城沈阳路X座 912455,XX殡仪馆,HZ439232,2026-01-06,XX市殡仪馆
孙伟,01,320000196911309554,0,102,天津市兰州市金平张街o座 402380,XX殡仪馆,HZ878215,2026-01-07,XX市殡仪馆
龚桂荣,01,330000194410088581,0,20,安徽省秀兰市徐汇张路N座 555773,XX殡仪馆,HZ864945,2026-01-07,XX市殡仪馆
王静,01,320000196401125691,1,17,重庆市淮安市和平广州街K座 195154,XX殡仪馆,HZ132631,2026-01-02,XX市殡仪馆
范洋,01,140000194202095204,1,30,甘肃省广州县丰都严路d座 843691,XX殡仪馆,HZ831811,2026-01-05,XX市殡仪馆
吴凤兰,01,34000019470410485X,1,107,江苏省天津市黄浦刘街x座 328182,XX殡仪馆,HZ483238,2026-01-03,XX市殡仪馆
何华,01,640000201701282830,1,61,河北省淑兰县永川佛山街N座 512615,XX殡仪馆,HZ160360,2026-01-10,XX市殡仪馆
张雪梅,01,220000196102255003,1,117,宁夏回族自治区玉市白云王路c座 175791,XX殡仪馆,HZ530407,2026-01-08,XX市殡仪馆
任雪梅,01,500000191806242731,0,98,吉林省柳州县和平陈街o座 441656,XX殡仪馆,HZ297471,2026-01-07,XX市殡仪馆
曹欣,01,640000200210196095,0,120,福建省南昌市东城宁德路V座 403140,XX殡仪馆,HZ497327,2026-01-06,XX市殡仪馆
马畅,01,530000201908173425,1,34,澳门特别行政区楠县东城韩街n座 847279,XX殡仪馆,HZ516716,2026-01-08,XX市殡仪馆
赵秀兰,01,140000195809248603,1,58,甘肃省畅县沙市李街c座 239574,XX殡仪馆,HZ693490,2026-01-04,XX市殡仪馆
唐兰英,01,360000196908094625,0,40,黑龙江省凤英县魏都强街c座 979767,XX殡仪馆,HZ357469,2026-01-11,XX市殡仪馆
王飞,01,370000201604187385,0,87,北京市华市东丽拉萨街u座 980402,XX殡仪馆,HZ100612,2026-01-04,XX市殡仪馆
陈丹,01,150000200609139416,0,67,甘肃省沈阳县丰都李路c座 955260,XX殡仪馆,HZ103774,2026-01-02,XX市殡仪馆
张磊,01,130000196406028852,0,108,陕西省辛集市梁平巢湖街E座 848314,XX殡仪馆,HZ192206,2026-01-11,XX市殡仪馆
赵金凤,01,450000191307168544,0,114,宁夏回族自治区香港县白云赵路l座 465542,XX殡仪馆,HZ537215,2026-01-05,XX市殡仪馆
王颖,01,460000193001309704,0,9,北京市海口市徐汇张家港街Y座 873228,XX殡仪馆,HZ155885,2026-01-10,XX市殡仪馆
龚桂花,01,360000197212278092,1,43,河南省海口县南湖南昌街w座 947769,XX殡仪馆,HZ881722,2026-01-10,XX市殡仪馆
吴芳,01,320000202205253213,1,65,重庆市秀荣市丰都程街n座 181069,XX殡仪馆,HZ423117,2026-01-02,XX市殡仪馆
滕海燕,01,430000201902035765,0,33,山西省南昌县东城周街p座 662879,XX殡仪馆,HZ433595,2026-01-09,XX市殡仪馆
朱桂荣,01,410000194503137231,0,48,江苏省宁德县长寿呼和浩特街z座 936911,XX殡仪馆,HZ845010,2026-01-11,XX市殡仪馆
顾桂荣,01,310000196612256913,0,81,北京市济南县西夏永安街B座 420870,XX殡仪馆,HZ130751,2026-01-08,XX市殡仪馆
金霞,01,320000191709259044,1,83,新疆维吾尔自治区石家庄市永川高路m座 415874,XX殡仪馆,HZ462229,2026-01-07,XX市殡仪馆
李刚,01,150000199801212307,0,90,陕西省太原县合川六盘水街D座 978119,XX殡仪馆,HZ507770,2026-01-07,XX市殡仪馆
王超,01,220000193203307737,0,61,香港特别行政区琳县崇文王街t座 729224,XX殡仪馆,HZ949220,2026-01-06,XX市殡仪馆
赵红,01,500000198506199921,0,91,福建省潜江县孝南杜路F座 646862,XX殡仪馆,HZ676560,2026-01-07,XX市殡仪馆
唐英,01,520000190801285539,0,93,天津市辛集县清河侯街d座 708107,XX殡仪馆,HZ577487,2026-01-09,XX市殡仪馆
马辉,01,440000193410249972,0,9,青海省太原市清河曾街q座 754737,XX殡仪馆,HZ663398,2026-01-03,XX市殡仪馆
李云,01,63000019751025457X,0,16,重庆市银川市西夏太原街U座 289694,XX殡仪馆,HZ933349,2026-01-03,XX市殡仪馆
李秀芳,01,520000190704272453,1,107,天津市凤兰市吉区史路F座 830726,XX殡仪馆,HZ521299,2026-01-06,XX市殡仪馆
陈秀荣,01,540000200301032156,1,9,宁夏回族自治区桂芝县崇文武汉街E座 492380,XX殡仪馆,HZ759675,2026-01-04,XX市殡仪馆
晏建,01,370000196711298466,0,51,浙江省南宁县清城北京路f座 496933,XX殡仪馆,HZ533134,2026-01-06,XX市殡仪馆
贾雪梅,01,360000199904173485,1,52,吉林省宜都市新城梁路y座 477048,XX殡仪馆,HZ663725,2026-01-11,XX市殡仪馆
黄小红,01,640000195210185392,1,89,北京市六安县牧野重庆路j座 734606,XX殡仪馆,HZ156532,2026-01-10,XX市殡仪馆
程楠,01,650000193008228515,1,74,湖北省拉萨县沈北新郭街A座 321239,XX殡仪馆,HZ991081,2026-01-05,XX市殡仪馆
李萍,01,21000020240413406X,0,100,海南省旭市西夏梧州街w座 926918,XX殡仪馆,HZ867449,2026-01-02,XX市殡仪馆
赖秀芳,01,620000193602264783,0,10,海南省兰州市永川曾街h座 783884,XX殡仪馆,HZ627259,2026-01-10,XX市殡仪馆
朱燕,01,620000202501085403,1,82,湖南省阜新县和平鞠路t座 463489,XX殡仪馆,HZ133038,2026-01-09,XX市殡仪馆
袁晶,01,220000192807204072,0,40,北京市香港市永川王路Q座 154508,XX殡仪馆,HZ961886,2026-01-02,XX市殡仪馆
张帅,01,540000199506203718,0,39,安徽省颖县高港罗街T座 738277,XX殡仪馆,HZ524239,2026-01-04,XX市殡仪馆
张建国,01,510000195212132658,0,113,青海省六盘水县海港辽阳路v座 415601,XX殡仪馆,HZ371199,2026-01-05,XX市殡仪馆
裴柳,01,360000192208261877,1,93,广西壮族自治区六安县翔安东莞街D座 200998,XX殡仪馆,HZ257430,2026-01-05,XX市殡仪馆
吴帆,01,460000191603257076,0,18,湖北省欢市海陵徐路i座 815008,XX殡仪馆,HZ677472,2026-01-11,XX市殡仪馆
吕凤英,01,350000201801141788,0,108,澳门特别行政区马鞍山市双滦崔路C座 944284,XX殡仪馆,HZ632375,2026-01-03,XX市殡仪馆
张柳,01,34000019260911302X,1,43,山西省东县南溪赵街t座 166104,XX殡仪馆,HZ766354,2026-01-03,XX市殡仪馆
鞠金凤,01,460000192910121640,1,1,辽宁省婷市魏都太原路A座 673579,XX殡仪馆,HZ792829,2026-01-09,XX市殡仪馆
陈杰,01,640000191304118766,1,43,贵州省张家港县南湖嘉禾路T座 286916,XX殡仪馆,HZ646776,2026-01-05,XX市殡仪馆
杨波,01,350000194905029616,1,33,河南省大冶县龙潭刘路I座 426623,XX殡仪馆,HZ142531,2026-01-09,XX市殡仪馆
刘玉,01,610000191507041986,0,113,湖北省深圳县普陀张家港路U座 876098,XX殡仪馆,HZ866314,2026-01-03,XX市殡仪馆
宋楠,01,440000190705112961,1,72,四川省惠州县丰都何路T座 790910,XX殡仪馆,HZ360186,2026-01-05,XX市殡仪馆
萧玲,01,440000191310295075,1,73,西藏自治区雪梅县孝南苏路X座 310340,XX殡仪馆,HZ165646,2026-01-11,XX市殡仪馆
戴婷婷,01,120000192301155628,0,79,湖南省莹县平山胡路k座 654410,XX殡仪馆,HZ604010,2026-01-04,XX市殡仪馆
黄玉兰,01,640000201711111189,0,1,黑龙江省西宁市大兴沈阳街i座 444749,XX殡仪馆,HZ275686,2026-01-01,XX市殡仪馆
王淑英,01,35000019860220207X,0,69,香港特别行政区静县锡山海门街C座 130144,XX殡仪馆,HZ113091,2026-01-08,XX市殡仪馆
黄刚,01,650000191204273824,0,118,吉林省福州县房山黄路J座 816246,XX殡仪馆,HZ172026,2026-01-02,XX市殡仪馆
秦丹丹,01,520000199606238981,0,47,河南省畅县沈河柳州街O座 709887,XX殡仪馆,HZ600155,2026-01-01,XX市殡仪馆
周鹏,01,32000020041007619X,1,75,陕西省通辽县门头沟曹路l座 994749,XX殡仪馆,HZ710982,2026-01-10,XX市殡仪馆
古淑华,01,530000202507054964,1,38,湖北省明县魏都冉路c座 172129,XX殡仪馆,HZ852268,2026-01-07,XX市殡仪馆
田晨,01,640000192801287688,1,18,广东省上海市白云天津街W座 568889,XX殡仪馆,HZ629727,2026-01-07,XX市殡仪馆
李佳,01,11000019051011811X,0,41,河北省畅市崇文李街q座 707742,XX殡仪馆,HZ131491,2026-01-06,XX市殡仪馆
徐建平,01,31000019090705158X,0,96,吉林省杰县蓟州石家庄路q座 208439,XX殡仪馆,HZ195981,2026-01-05,XX市殡仪馆
顾淑珍,01,140000198303162451,0,25,安徽省马鞍山市黄浦合肥街G座 525410,XX殡仪馆,HZ171258,2026-01-10,XX市殡仪馆
李博,01,130000197501216522,0,93,重庆市北镇县新城银川街I座 319804,XX殡仪馆,HZ402947,2026-01-08,XX市殡仪馆
周凯,01,540000201009187235,1,94,山西省俊县翔安李路E座 638625,XX殡仪馆,HZ429146,2026-01-03,XX市殡仪馆
胡洁,01,50000019860201232X,1,12,福建省合山市高港南京街j座 403534,XX殡仪馆,HZ426226,2026-01-01,XX市殡仪馆
刘宇,01,340000197810146192,0,107,新疆维吾尔自治区杭州市山亭黄路Z座 794156,XX殡仪馆,HZ367544,2026-01-02,XX市殡仪馆
林雷,01,320000201804074896,0,77,甘肃省广州县闵行海口街g座 992028,XX殡仪馆,HZ510124,2026-01-05,XX市殡仪馆
刘坤,01,120000198909277065,1,46,江苏省嘉禾县沙湾刘街D座 955918,XX殡仪馆,HZ495831,2026-01-02,XX市殡仪馆
安丽华,01,650000192104099878,0,80,山西省长沙市兴山杭州街e座 891818,XX殡仪馆,HZ788137,2026-01-09,XX市殡仪馆
马海燕,01,340000199801147184,1,37,宁夏回族自治区贵阳县和平董路j座 157200,XX殡仪馆,HZ702253,2026-01-10,XX市殡仪馆
严华,01,310000193905115168,0,92,江西省南宁县秀英潮州街E座 577159,XX殡仪馆,HZ380862,2026-01-10,XX市殡仪馆
袁淑英,01,230000198310249530,0,88,青海省石家庄市华龙许街T座 679246,XX殡仪馆,HZ735110,2026-01-11,XX市殡仪馆
聂秀荣,01,440000192907066333,1,99,河南省西安县璧山昆明路G座 393333,XX殡仪馆,HZ291950,2026-01-06,XX市殡仪馆
尚莉,01,13000020191205108X,0,82,福建省合肥县平山张路Y座 487078,XX殡仪馆,HZ269803,2026-01-10,XX市殡仪馆
舒秀珍,01,640000196604066323,1,104,江苏省兰州市翔安六盘水街U座 445551,XX殡仪馆,HZ215293,2026-01-05,XX市殡仪馆
傅英,01,610000195201059890,1,29,江苏省石家庄市南溪刘街H座 705091,XX殡仪馆,HZ122782,2026-01-02,XX市殡仪馆
李军,01,430000197001282209,1,98,澳门特别行政区桂英县滨城柳州路I座 548367,XX殡仪馆,HZ546094,2026-01-10,XX市殡仪馆
童桂芝,01,210000191208147137,0,16,四川省林县和平潮州街f座 133525,XX殡仪馆,HZ418877,2026-01-09,XX市殡仪馆
施瑜,01,350000199408226136,0,103,青海省潮州市滨城陈街b座 340262,XX殡仪馆,HZ783853,2026-01-09,XX市殡仪馆
林婷婷,01,210000198305305979,0,108,江西省峰县房山东莞路C座 998317,XX殡仪馆,HZ654113,2026-01-05,XX市殡仪馆
叶金凤,01,500000198209015911,0,17,台湾省兵县普陀王街S座 342982,XX殡仪馆,HZ999874,2026-01-02,XX市殡仪馆
周畅,01,540000197808168058,1,0,河北省斌市沙市哈尔滨路M座 383097,XX殡仪馆,HZ236504,2026-01-09,XX市殡仪馆
朱丹丹,01,610000201311058539,0,98,河北省惠州市上街武路J座 579262,XX殡仪馆,HZ812180,2026-01-05,XX市殡仪馆
王欢,01,350000201508082432,1,112,河南省丽县西夏通辽街d座 332323,XX殡仪馆,HZ946575,2026-01-02,XX市殡仪馆
邢燕,01,440000196208081057,1,113,湖南省关岭市白云宋街m座 926618,XX殡仪馆,HZ132129,2026-01-10,XX市殡仪馆
王玉英,01,340000194501233459,0,45,辽宁省哈尔滨市魏都翟路a座 252840,XX殡仪馆,HZ204001,2026-01-02,XX市殡仪馆
刘鑫,01,130000199805079650,0,35,浙江省英县蓟州陈路s座 412061,XX殡仪馆,HZ120740,2026-01-03,XX市殡仪馆
吴斌,01,320000197606158280,0,34,四川省兰州县双滦董街p座 660783,XX殡仪馆,HZ913380,2026-01-02,XX市殡仪馆
李龙,01,310000196611167230,0,30,江西省欢县上街路路P座 312704,XX殡仪馆,HZ465290,2026-01-03,XX市殡仪馆
赵洋,01,150000199409096911,1,4,天津市凤英市蓟州太原路g座 371683,XX殡仪馆,HZ529938,2026-01-04,XX市殡仪馆
王莹,01,510000201403208377,1,51,澳门特别行政区石家庄市徐汇张路e座 176050,XX殡仪馆,HZ982611,2026-01-09,XX市殡仪馆
李桂花,01,360000198705091968,1,106,云南省南京市双滦乌鲁木齐街F座 155452,XX殡仪馆,HZ847648,2026-01-10,XX市殡仪馆
姚颖,01,650000192106086712,0,81,辽宁省秀英县江北张路S座 997263,XX殡仪馆,HZ394442,2026-01-05,XX市殡仪馆
姚志强,01,350000201308146171,1,99,贵州省海口县牧野杭州街p座 428100,XX殡仪馆,HZ388826,2026-01-02,XX市殡仪馆
吴慧,01,360000201611092710,1,99,江西省张家港县合川张路S座 565580,XX殡仪馆,HZ727720,2026-01-01,XX市殡仪馆
