逝者姓名,身份证件类型代码,身份证件号码,性别代码,民族代码,年龄,职业代码,文化程度代码,生前工作单位,生前常住地址,户籍地址,亲属姓名,亲属关系代码,亲属联系电话,亲属住址,出生日期,死亡日期,死亡地点代码,死亡原因,签发日期,签发机构
黄飞,01,210000201502053269,0,20,4,09,04,易动力网络有限公司,北京市澳门县新城舒街n座 101639,辽宁省永安县梁平海口街y座 311604,王霞,01,15204287877,天津市欣县江北天津路W座 468391,1938-01-14,2000-07-13,03,责任或者精华中文最大.,2026-01-05,XX医院
黄杰,01,500000193405199575,1,23,45,07,04,菊风公司传媒有限公司,澳门特别行政区云市锡山任街Q座 317534,吉林省秀兰县大东曲街B座 634184,戴桂荣,01,15826138683,浙江省玉县牧野张街M座 114741,1952-10-01,2005-05-09,05,工程具有其实查看无法软件.,2026-01-10,XX医院
安志强,01,120000193706105244,1,42,47,04,02,趋势科技有限公司,甘肃省澳门市蓟州韩街H座 416081,广西壮族自治区秀兰市大东杨路v座 164994,王东,02,15700450140,宁夏回族自治区海门县吉区陈街l座 823126,1980-01-24,2024-10-30,02,看到科技更多.,2026-01-03,XX医院
梁艳,01,230000191512233375,1,26,57,04,05,明腾科技有限公司,香港特别行政区沈阳县永川龙街K座 540443,吉林省兴城县滨城西宁街H座 181284,屈萍,01,13870521930,山西省齐齐哈尔县丰都齐齐哈尔街r座 353700,1919-04-27,2001-08-18,04,经营都是资料.,2026-01-07,XX医院
廖强,01,11000019400131601X,1,22,110,01,04,恒聪百汇信息有限公司,辽宁省东莞市清浦太原街a座 385254,黑龙江省俊县怀柔南宁街C座 965962,宋桂芝,01,13480495138,山西省雷市萧山许街m座 586224,2025-02-17,2020-07-26,01,广告任何可能人民地区.,2026-01-04,XX医院
孔晶,01,500000196408219141,1,39,119,09,02,商软冠联信息有限公司,甘肃省云市大兴海口街a座 740088,甘肃省潜江市门头沟任路Z座 878847,温秀英,01,15598382724,西藏自治区沈阳市上街关岭路p座 914777,1995-08-31,2002-02-23,05,大家全国完成什么关系表示.,2026-01-11,XX医院
郎兵,01,420000192011092084,1,53,54,04,05,九方传媒有限公司,青海省合肥县闵行聂街V座 317211,甘肃省哈尔滨市六枝特费街N座 143175,李玉英,05,15361358141,河南省兴城县黄浦邓街C座 620313,1939-06-11,2018-12-22,02,本站能够中心作为两个.,2026-01-09,XX医院
郑玉华,01,610000195204229381,0,49,92,01,01,东方峻景传媒有限公司,安徽省建军市璧山银川街b座 120968,山西省雪市闵行兰州街t座 664555,陈敏,04,13873240232,黑龙江省玉兰市西夏东莞街y座 798069,1926-11-09,2012-08-29,05,地址部门说明得到电子首页工具.,2026-01-03,XX医院
朱莹,01,340000200005288969,0,31,97,05,07,襄樊地球村传媒有限公司,浙江省亮县长寿太原路P座 697066,辽宁省拉萨县江北淮安路N座 142259,陈桂芝,02,15307787507,陕西省北京市白云郭路z座 211691,1914-03-22,2007-10-17,02,论坛之后帖子工作原因根据原因.,2026-01-05,XX医院
叶玲,01,120000197703095640,1,19,94,09,01,菊风公司信息有限公司,云南省汕尾市永川昆明路j座 419540,四川省华市平山巢湖街V座 641288,刘倩,01,13208082150,台湾省军县大东周路P座 105656,2023-03-04,2009-12-16,02,日期发展选择.,2026-01-02,XX医院
闭鹏,01,650000194505309521,1,16,49,05,01,新格林耐特网络有限公司,吉林省倩县沙湾张路g座 365362,台湾省南宁县永川黄路b座 454137,王东,02,14551570160,澳门特别行政区想市东城合肥路d座 474304,1979-04-16,2018-04-04,01,作为以上之后国际有些控制原因.,2026-01-08,XX医院
王秀荣,01,310000197107317134,0,02,112,01,07,兰金电子网络有限公司,云南省磊市闵行兰州路w座 245870,宁夏回族自治区秀荣县清城王街H座 244250,杨杨,02,18988732293,天津市琴县长寿马鞍山路y座 141821,2006-05-22,2002-04-05,03,联系之间使用已经.,2026-01-11,XX医院
张桂芝,01,360000194204112566,0,38,93,09,04,迪摩信息有限公司,海南省沈阳县上街高街B座 798390,海南省畅市花溪穆街q座 681470,邓淑华,05,14563165493,云南省长沙县双滦汕尾路p座 935748,2023-11-22,2009-06-06,02,非常设计上海工程然后这个东西.,2026-01-10,XX医院
张玉兰,01,350000193112302331,0,51,22,09,05,天开网络有限公司,内蒙古自治区龙县大兴沈街F座 613836,山东省北京县山亭梁街e座 709730,姚娜,05,18778767619,青海省秀荣市锡山王街a座 349525,2020-01-24,1999-08-17,02,大学一起欢迎能力活动.,2026-01-10,XX医院
杨秀云,01,350000197711067474,1,22,41,01,04,群英信息有限公司,山西省六安市海港惠州街X座 369831,台湾省长沙市淄川郑州路D座 348095,胡秀华,03,13016167534,香港特别行政区武汉县龙潭张街A座 892858,1945-12-17,2020-02-22,04,生产怎么朋友欢迎是一登录.,2026-01-11,XX医院
张东,01,150000192109246963,1,09,27,06,03,凌颖信息网络有限公司,山西省南昌县东城呼和浩特路z座 675987,广西壮族自治区桂花市西夏武汉路q座 811325,郝小红,04,14725477968,四川省沈阳市海陵王路o座 373643,1983-06-18,2016-10-20,04,事情最后感觉系统.,2026-01-10,XX医院
余雪,01,370000192101073608,0,54,74,09,02,立信电子科技有限公司,青海省玉华县上街佛山路N座 652837,香港特别行政区桂珍市西峰济南路X座 969805,韩楠,03,13100549979,山东省佛山县房山济南路M座 179095,1960-08-17,2014-06-24,01,主题可能是否她的加入.,2026-01-04,XX医院
王柳,01,230000195403077105,0,46,82,08,04,东方峻景传媒有限公司,四川省南宁县闵行段街Z座 429105,陕西省丹市沙市宁德街T座 473254,张娟,02,15798624618,吉林省娜市闵行李街D座 582563,1968-12-11,2003-06-08,03,重要介绍威望这么文章来自.,2026-01-01,XX医院
欧阳萍,01,150000196506194827,0,39,118,04,06,商软冠联传媒有限公司,上海市涛市清河时街C座 647440,福建省关岭县黄浦沈阳路F座 503637,祝超,01,13442159703,江苏省长春县沙湾贾街p座 809877,2004-07-02,2018-10-03,04,介绍发生主要商品.,2026-01-05,XX医院
冯柳,01,130000193712248470,0,02,7,05,07,飞海科技信息有限公司,甘肃省海口市兴山赵街f座 719551,北京市济南县上街任街G座 780022,赵晶,05,18275969787,云南省大冶县南长李路v座 329243,1977-09-22,2000-09-08,01,一切一起电影来源不是.,2026-01-06,XX医院
萧阳,01,420000198212246964,0,13,95,02,02,方正科技信息有限公司,浙江省明市合川孙路s座 791595,江苏省燕市城北朱街P座 108815,段建,03,13490523258,西藏自治区银川县蓟州吕街G座 224895,1967-08-15,2017-11-26,01,主要特别只有各种科技同时原因点击.,2026-01-03,XX医院
雷宇,01,120000200906108442,1,55,17,03,07,和泰科技有限公司,吉林省济南市魏都王路T座 580582,台湾省贵阳县龙潭北京街R座 211528,周丹,01,13700656696,新疆维吾尔自治区兰州县南长合山街d座 626349,1986-11-07,2013-09-09,04,时候类别积分主要具有.,2026-01-07,XX医院
蔡秀梅,01,140000193702015384,0,11,37,06,01,彩虹传媒有限公司,内蒙古自治区帆县南湖刘街I座 533234,贵州省长沙市南长西宁街O座 835620,高丽华,03,18115114583,湖南省英县龙潭黄路h座 558862,1970-02-14,2013-01-27,01,使用分析自己情况.,2026-01-05,XX医院
石磊,01,460000200609038968,1,24,54,07,02,中建创业科技有限公司,贵州省雷县长寿石家庄街f座 592666,云南省静县海港张路T座 897993,严平,05,13467349938,青海省兰州市江北陈街k座 436846,1999-04-23,2013-02-19,02,到了完成可以.,2026-01-02,XX医院
吴燕,01,440000198704134858,0,25,0,03,06,巨奥传媒有限公司,西藏自治区梅县江北郑街M座 168569,广东省上海市西峰罗路s座 280944,高凯,01,14573127165,浙江省永安市友好大冶街U座 860602,1988-09-30,2009-03-22,03,一起历史工程日本那个.,2026-01-04,XX医院
杨荣,01,330000192111065575,0,26,48,08,05,东方峻景网络有限公司,湖北省沈阳县上街康路z座 976772,甘肃省兰州县西峰长春街X座 291777,王梅,03,13652432021,北京市琳县朝阳辽阳路i座 773083,1910-04-18,1996-10-22,02,相关音乐以下标准部门目前原因.,2026-01-05,XX医院
罗慧,01,220000200009153589,0,20,56,07,02,太极信息有限公司,西藏自治区辛集市沙市合肥路p座 721280,黑龙江省六安市朝阳南昌路d座 714700,沈燕,02,15000530322,吉林省健市兴山刘街Y座 916403,2022-12-22,2016-12-09,03,如此标准美国回复.,2026-01-05,XX医院
安建国,01,620000193502071765,1,25,43,05,06,东方峻景信息有限公司,四川省荆门市南长赵街T座 441015,香港特别行政区太原市滨城大冶路D座 738418,陈云,02,18807909749,青海省西宁县平山太原路h座 137315,1932-10-09,2017-03-05,05,注册原因不是注意.,2026-01-06,XX医院
程斌,01,150000193301156268,1,28,66,08,07,开发区世创传媒有限公司,陕西省东莞县大东曾路X座 415789,江西省兴城市房山黄路X座 381034,赵金凤,02,13647953963,甘肃省杰市南湖张家港街q座 312731,2006-01-21,2022-01-30,02,影响不同生产资源以及.,2026-01-09,XX医院
洪淑华,01,43000019400920464X,1,14,109,05,06,国讯信息有限公司,江西省上海县友好合山路t座 685467,江苏省海门市静安唐路j座 668462,刘博,02,15697511769,浙江省桂香市吉区北京路s座 501363,1909-03-01,2012-10-27,05,教育人民使用技术感觉提高进入.,2026-01-09,XX医院
周俊,01,220000197910172016,0,51,39,05,05,南康网络有限公司,澳门特别行政区兰英市门头沟南昌街i座 665529,西藏自治区巢湖县梁平呼和浩特路U座 578885,顾小红,01,14525056812,辽宁省淑华市涪城胡路u座 258433,1996-11-27,2021-07-26,03,注册只有东西网上电脑.,2026-01-06,XX医院
谢晶,01,320000198810111345,0,28,4,06,04,维旺明网络有限公司,黑龙江省长春县沈河杜路Y座 435532,河南省红梅市崇文齐街q座 742083,邹帅,03,18844748223,云南省海口市房山宜都路I座 869361,1983-09-27,2022-09-10,03,之后任何新闻电脑市场之间等级.,2026-01-04,XX医院
陈成,01,540000191204266864,1,24,18,01,02,天开网络有限公司,新疆维吾尔自治区贵阳市普陀西宁街g座 127846,河北省西宁市城东北京路l座 436428,崔柳,04,15267489428,内蒙古自治区岩县丰都淮安路m座 296778,1955-01-07,2013-06-23,02,虽然为了不是品牌音乐.,2026-01-01,XX医院
叶淑珍,01,450000198509278137,1,14,11,02,05,飞海科技科技有限公司,台湾省秀华县朝阳柳州路p座 280957,浙江省勇市黄浦西安街l座 125971,陈飞,01,14521579214,山东省北京县永川辽阳路l座 660023,1988-08-06,2009-01-29,03,部分继续经济帮助作为最后.,2026-01-07,XX医院
姚兰英,01,230000202511062034,1,44,49,04,01,海创传媒有限公司,湖南省六盘水市浔阳通辽街R座 393549,云南省西宁市丰都吴路x座 365293,何洋,04,18095307888,贵州省昆明县淄川陈街L座 474862,2014-08-24,2008-10-26,01,完成学校这些我的.,2026-01-04,XX医院
傅明,01,110000194505073015,0,35,96,06,01,快讯科技有限公司,海南省西安市海陵海口街A座 454783,海南省荆门县魏都夏街Q座 786171,陆岩,01,18611282549,上海市兰州县大东张街m座 548834,1925-08-17,2006-12-17,01,文件以后信息正在.,2026-01-06,XX医院
陈秀珍,01,630000199201137184,1,07,8,02,07,巨奥信息有限公司,青海省马鞍山市长寿拉萨路j座 118245,吉林省刚市华龙乌鲁木齐路d座 141640,许雪,03,13867295167,安徽省秀芳县清城温路a座 231681,1953-05-17,2015-04-04,02,积分支持关于更新虽然搜索非常企业.,2026-01-10,XX医院
潘明,01,370000191510209532,1,32,120,08,01,雨林木风计算机科技有限公司,江西省哈尔滨市高坪银川路A座 245988,天津市太原县魏都长春路c座 966830,潘丽娟,05,13559557768,广西壮族自治区宁市萧山深圳街o座 387462,1942-12-18,2017-07-16,02,更新新闻方面觉得地区社会搜索.,2026-01-09,XX医院
高艳,01,510000198702129869,0,10,6,01,02,九方网络有限公司,内蒙古自治区旭县沈河辽阳街K座 607952,福建省磊市高坪嘉禾街R座 109070,施婷,05,13585974377,江西省玉华市涪城黄路U座 927798,1910-03-23,1999-08-31,05,单位我的分析他们.,2026-01-05,XX医院
夏建,01,430000200208243033,1,47,120,01,06,超艺传媒有限公司,西藏自治区岩县吉区哈尔滨街v座 927516,宁夏回族自治区俊县吉区张街L座 533585,高慧,04,15708388859,江苏省瑞市西夏田街Q座 582712,1915-04-03,2025-05-20,02,解决重要表示首页美国.,2026-01-08,XX医院
徐丽娟,01,110000191311114647,1,39,117,06,02,快讯信息有限公司,内蒙古自治区沈阳市清浦凌路r座 627946,贵州省呼和浩特市吉区齐齐哈尔街q座 369270,朱平,01,15004915321,贵州省雪县南湖阳街I座 416632,1991-02-18,2008-04-04,05,一般一下由于还是实现.,2026-01-05,XX医院
陈建国,01,630000191301118128,1,52,67,03,07,合联电子科技有限公司,吉林省南昌市普陀广州街Q座 666586,江西省丽县上街周路Y座 841584,杨秀英,05,13269506680,江西省秀芳市海港古街m座 838599,1989-09-15,2014-03-29,04,所以注意进入上海得到或者自己.,2026-01-08,XX医院
何春梅,01,320000194604054863,1,18,33,04,04,鸿睿思博信息有限公司,四川省汕尾市孝南长春路V座 687852,台湾省婷婷市高坪潜江街W座 430971,谭桂香,03,14523383782,广西壮族自治区辛集市新城沈阳街j座 296809,1929-08-08,2019-08-12,01,个人有些一样标题点击责任.,2026-01-11,XX医院
孟梅,01,210000195105214753,0,54,56,02,02,晖来计算机科技有限公司,内蒙古自治区潮州市金平高街f座 929096,山东省金凤市徐汇谭路O座 248919,黄娜,03,14755918077,贵州省华市新城戴街v座 255377,1919-09-05,2006-04-29,02,状态下载帖子中国一起特别虽然.,2026-01-04,XX医院
徐龙,01,15000019170907251X,0,04,35,01,03,新宇龙信息信息有限公司,江西省华县孝南长春路y座 629808,内蒙古自治区长春市永川徐街X座 306750,况欣,02,13412859036,黑龙江省西宁县东城吴街q座 553938,2005-06-18,2022-12-19,04,事情目前客户实现自己起来认为.,2026-01-09,XX医院
吴桂芳,01,320000200805231203,0,10,55,08,06,创亿信息有限公司,甘肃省琳市新城合山街E座 464871,青海省宁德县新城六盘水街g座 469984,陈璐,02,18850244625,澳门特别行政区乌鲁木齐县南长胡路f座 225371,2008-11-14,2009-07-06,03,设计都是以下作品.,2026-01-07,XX医院
赵秀云,01,510000192105101342,1,42,118,03,06,图龙信息传媒有限公司,青海省哈尔滨县徐汇王街j座 423119,浙江省合肥县丰都拉萨路m座 284608,卢明,03,15904464856,吉林省建华市西峰永安街Z座 338829,1929-03-17,2004-05-28,05,认为之间安全.,2026-01-02,XX医院
黄龙,01,120000190808096621,1,24,100,03,06,新格林耐特信息有限公司,内蒙古自治区兴安盟县南长陈路G座 599598,天津市志强县清城司街W座 611242,顾桂芝,03,18575578599,云南省帅市清城马鞍山街e座 961834,1913-05-17,2015-01-14,03,什么项目科技工程处理如果我的.,2026-01-01,XX医院
夏明,01,430000197905315413,0,01,36,06,01,商软冠联网络有限公司,天津市贵阳县南长李街l座 849064,山西省西宁县璧山高街u座 485755,史刚,04,13906523034,澳门特别行政区兴安盟市萧山汕尾路s座 524008,1930-06-17,2008-09-12,01,注意情况来源谢谢.,2026-01-10,XX医院
马艳,01,110000197506249557,0,51,22,02,04,艾提科信科技有限公司,贵州省拉萨县房山薛街L座 316117,陕西省沈阳县沈北新北京街a座 176869,常佳,01,13636667503,江西省亮市吉区六盘水街G座 161329,1996-10-17,2022-01-06,04,希望她的没有浏览点击系统工作.,2026-01-09,XX医院
张雪梅,01,320000198906088768,0,23,18,09,04,浦华众城信息有限公司,辽宁省鑫县城东石家庄街G座 751131,香港特别行政区六安市孝南福州路z座 140124,陈海燕,03,13907424257,山西省武汉市淄川石家庄街f座 699350,1958-08-14,2007-01-17,02,项目有关精华应该知道电影资源.,2026-01-06,XX医院
陈桂花,01,460000196511058750,1,36,106,05,06,时刻科技有限公司,贵州省郑州市永川翟街y座 498305,宁夏回族自治区广州县萧山吴街x座 149325,冯建国,02,18877705940,澳门特别行政区荣县长寿林路c座 373420,1917-07-23,2010-07-11,05,看到主要问题对于工具网上一种.,2026-01-04,XX医院
王畅,01,610000192303238407,1,18,118,04,03,晖来计算机信息有限公司,辽宁省颖县朝阳哈尔滨街r座 697319,山东省沈阳县西夏宁德路q座 452406,马建军,04,15109214913,湖北省丹丹县合川潜江街E座 926237,1916-02-05,2025-10-08,01,男人介绍经验教育一起发表.,2026-01-09,XX医院
张晨,01,360000201402177144,0,34,16,08,02,泰麒麟科技有限公司,甘肃省彬市南湖哈尔滨路j座 243709,吉林省长沙市沈北新马鞍山街N座 735866,何雷,02,13597555818,贵州省佛山县黄浦巢湖街X座 719651,1918-03-05,2002-06-20,03,标准国家能力应用来自.,2026-01-05,XX医院
张宁,01,370000192801309984,0,53,35,07,03,天益传媒有限公司,西藏自治区静市兴山荆门路V座 433778,辽宁省台北县怀柔呼和浩特街D座 257519,王颖,01,13289559245,湖南省西宁市魏都贵阳街i座 579490,2020-03-07,2021-06-26,05,积分单位下载一切.,2026-01-04,XX医院
卜强,01,540000192606201267,1,39,12,01,06,双敏电子科技有限公司,安徽省济南县沙市六安路K座 838800,江苏省长沙县梁平贵阳街P座 874228,王帅,05,15158895960,海南省海门市平山辽阳路C座 858930,1927-09-17,2014-10-15,03,日期其他经济程序.,2026-01-04,XX医院
傅辉,01,450000191611265875,0,40,83,01,01,时空盒数字科技有限公司,河北省马鞍山市璧山太原路J座 629260,广东省邯郸县兴山梅路L座 146209,刘荣,04,15365180866,湖北省香港县山亭薄路C座 754177,1957-03-18,2005-07-09,05,空间研究客户.,2026-01-09,XX医院
陈凤英,01,510000191307235301,0,48,58,09,02,联软网络有限公司,云南省涛县白云康路F座 326275,台湾省龙县平山刘街w座 611947,任宇,04,13692629772,黑龙江省梅县长寿钟街k座 382524,1955-08-16,2004-01-06,02,推荐服务公司推荐.,2026-01-06,XX医院
曾岩,01,210000197511197070,1,03,9,07,06,海创信息有限公司,江苏省太原县沈北新乌鲁木齐路u座 128108,福建省杭州县新城蒋街r座 947511,吴海燕,05,18173341877,内蒙古自治区辛集市上街长沙路Y座 492927,1977-12-09,2008-04-08,01,部分不断一切目前电话拥有.,2026-01-06,XX医院
高欣,01,620000193511233770,0,55,107,03,07,彩虹信息有限公司,四川省磊市六枝特兰州路f座 507832,吉林省杨市新城银川路Q座 436722,陆坤,04,13973617043,黑龙江省六安县东城郭街E座 322846,2015-11-01,1997-07-31,04,必须评论人员.,2026-01-06,XX医院
周刚,01,620000197710156446,1,08,38,09,02,明腾科技有限公司,河南省哈尔滨县安次吴街x座 155821,澳门特别行政区燕市静安太原街k座 578808,王帅,03,15869430408,香港特别行政区晶市南长谢路y座 862653,1978-09-14,2012-03-19,01,相关简介手机专业如此内容以及.,2026-01-04,XX医院
杨文,01,620000196601026277,0,02,24,04,03,商软冠联网络有限公司,广西壮族自治区春梅市翔安鄢路J座 730136,宁夏回族自治区萍县牧野谢街Q座 213602,李岩,04,14548919186,西藏自治区辛集市大东武汉路R座 797825,1996-02-01,2024-11-20,01,精华如此阅读.,2026-01-02,XX医院
冯兰英,01,320000196801162045,0,26,41,09,03,凌云信息有限公司,新疆维吾尔自治区莹县东城上海路W座 664743,新疆维吾尔自治区桂珍市永川沈阳街f座 373648,徐建,04,14545355435,广东省秀荣县西夏李街D座 627225,2012-01-28,2022-03-11,02,联系地址价格得到.,2026-01-06,XX医院
呼瑜,01,450000195811196657,1,03,110,06,05,鸿睿思博传媒有限公司,河北省兴安盟县普陀康街q座 143449,宁夏回族自治区坤市翔安葛街D座 868518,宋鑫,03,13532348315,重庆市健市滨城杨街T座 308911,1982-12-23,2018-12-11,04,设备关系什么作为进行主题程序要求.,2026-01-02,XX医院
李楠,01,520000201711028441,1,27,68,01,07,戴硕电子传媒有限公司,甘肃省宁市山亭吴路E座 299795,吉林省齐齐哈尔市双滦梧州路i座 971935,官琴,05,13955347608,江西省阜新市梁平郭路j座 198095,1930-06-20,2001-01-22,02,有些评论参加次数.,2026-01-08,XX医院
李敏,01,440000193108218729,0,04,30,06,05,佳禾传媒有限公司,四川省秀荣县孝南张路s座 246540,四川省广州市朝阳香港路E座 552463,冯坤,05,14588709610,贵州省文县锡山赵路k座 568255,2005-12-17,2014-05-10,02,城市学习地址各种客户知道城市.,2026-01-04,XX医院
崔丽,01,420000196307134675,0,53,105,06,02,商软冠联传媒有限公司,河南省通辽县丰都唐路u座 839116,湖北省婷市涪城沈阳街F座 378778,张阳,03,13584144356,重庆市郑州县浔阳赵路n座 779343,1987-05-14,2004-03-11,04,全国已经而且系统为了.,2026-01-09,XX医院
周秀兰,01,140000193610061703,0,10,56,09,03,新格林耐特信息有限公司,山东省长沙县普陀西安街C座 325406,宁夏回族自治区南京县孝南北京街I座 496929,尹龙,05,18233399238,北京市洋市门头沟黄路x座 395535,1968-11-08,2012-05-19,03,资源的人安全.,2026-01-09,XX医院
李秀云,01,340000191901274117,0,43,8,07,07,泰麒麟网络有限公司,青海省瑜县双滦沈路Z座 253607,贵州省兴城县东丽马街q座 289693,郭鹏,03,13139438558,浙江省北京市永川关路z座 360736,1932-11-23,2019-08-12,04,其他活动大家感觉.,2026-01-01,XX医院
邱柳,01,34000020120426127X,0,27,94,02,07,易动力传媒有限公司,贵州省小红县南湖荆门路J座 942448,江西省冬梅市吉区蒋路q座 715409,石帅,01,18646272672,广东省辽阳市黄浦南宁路w座 113943,1925-05-02,2016-07-21,03,应该投资方面为什一直.,2026-01-09,XX医院
尤萍,01,50000019520113527X,1,47,119,02,07,趋势传媒有限公司,浙江省重庆县怀柔通辽街a座 639628,上海市柳市高港齐齐哈尔路P座 260450,陈小红,05,18802231171,安徽省想县安次宁德路P座 524834,1998-05-09,2025-11-27,04,由于回复非常开始显示这些.,2026-01-08,XX医院
杨楠,01,310000193502119404,1,22,116,09,06,趋势信息有限公司,贵州省勇县普陀桑街G座 789471,新疆维吾尔自治区琴县淄川潜江路Q座 265656,宋海燕,04,15538489887,江西省汕尾市吉区荆门路j座 478968,1927-09-11,2022-07-20,05,进入世界论坛都是系列论坛以上.,2026-01-11,XX医院
梁莉,01,650000199903232489,0,30,31,03,01,太极传媒有限公司,山东省伟县秀英刘路o座 505592,黑龙江省璐县魏都王路X座 937451,王婷婷,01,15622762647,北京市玉县海陵西宁路n座 872714,1913-03-22,2006-07-26,03,她的简介管理商品您的.,2026-01-06,XX医院
胡淑华,01,410000190706185016,0,44,36,01,03,艾提科信传媒有限公司,新疆维吾尔自治区军县黄浦兴城街i座 958219,安徽省深圳县南长田路k座 880240,金娜,04,13538223368,天津市惠州县牧野宜都街w座 390391,1942-11-01,1999-04-13,04,自己知道已经广告主题虽然经营.,2026-01-10,XX医院
唐芳,01,540000191702199481,1,22,118,01,02,创亿科技有限公司,河北省东莞市金平成都街J座 891739,天津市梅市清城北京街A座 803057,倪颖,05,13031158902,湖北省玉梅市丰都刘路L座 509756,1992-10-27,2018-04-22,05,进入电话更多选择决定文化.,2026-01-09,XX医院
江丽丽,01,450000199105056620,0,08,43,02,05,联通时科传媒有限公司,河北省合肥县永川合肥街I座 805143,香港特别行政区旭县长寿阜新街i座 733116,任春梅,04,13808012632,山西省莹县南湖严路g座 959848,1907-09-02,2023-12-14,01,拥有一下应该提高完全大小发表.,2026-01-02,XX医院
刘萍,01,450000197503149241,0,06,64,05,02,联通时科网络有限公司,江西省婷婷县吉区南京路T座 137019,山东省潮州县长寿王路J座 277047,王健,05,15927295633,湖南省桂芳县永川合山街M座 326360,1995-09-16,2010-09-04,01,标准没有威望无法生活个人报告.,2026-01-01,XX医院
李波,01,370000198910037866,0,07,81,07,01,时刻信息有限公司,湖北省宜都市牧野王街h座 556938,浙江省淮安县吉区哈尔滨路Q座 771126,田淑英,05,18199880420,海南省倩市永川高路R座 157328,1998-11-11,2018-06-26,04,全国投资其中建设次数都是.,2026-01-01,XX医院
王淑华,01,32000019440719834X,1,38,68,02,01,东方峻景传媒有限公司,宁夏回族自治区长沙市清河黄街K座 189881,青海省关岭县上街荆门路J座 443139,温琴,01,18129482127,黑龙江省桂芝县南溪骆街l座 103089,1984-09-24,2006-09-30,04,注册图片发布.,2026-01-08,XX医院
马志强,01,130000199101125735,0,44,113,05,02,黄石金承科技有限公司,福建省璐县秀英东莞路R座 780551,贵州省郑州市海陵杨街C座 592044,周秀华,05,13897806435,香港特别行政区凤兰县滨城陈路s座 412392,2022-02-23,1996-05-07,05,网络文章设备.,2026-01-03,XX医院
吴秀英,01,430000196502275352,1,40,97,03,06,数字100网络有限公司,澳门特别行政区秀兰县清河孟街W座 530058,天津市琳县新城通辽街b座 591368,王丽,04,13177129861,内蒙古自治区宜都县城北王路F座 778179,2022-03-09,2012-03-30,02,过程价格名称解决已经虽然以后价格.,2026-01-02,XX医院
宋勇,01,360000195503312511,1,09,60,05,03,快讯信息有限公司,台湾省伟县清浦重庆路C座 250000,宁夏回族自治区呼和浩特市梁平陈路a座 414810,吴霞,02,18748311043,澳门特别行政区兴城县怀柔巢湖街y座 880624,1967-09-12,2017-12-28,03,方式原因社会位置.,2026-01-09,XX医院
朱颖,01,320000192501185810,0,34,59,07,04,盟新科技有限公司,青海省平县白云张家港街b座 901763,江西省浩市六枝特朱路o座 970148,郁畅,03,13685333376,云南省哈尔滨市沙湾六盘水街d座 659154,2013-05-26,2022-05-24,04,看到各种网站更新各种.,2026-01-10,XX医院
李海燕,01,320000200611303029,0,19,27,04,05,明腾信息有限公司,香港特别行政区旭县璧山济南街c座 947453,贵州省沈阳市梁平赵街O座 146551,孔成,01,18076609202,云南省杰县涪城荆门街J座 715536,1910-04-12,2004-01-26,05,根据产品地方查看自己不会.,2026-01-08,XX医院
丛志强,01,120000192406196311,1,23,105,04,02,华远软件传媒有限公司,广西壮族自治区洁县吉区段路k座 388478,香港特别行政区慧市沈北新乌鲁木齐街l座 609948,雷丹,05,13021978828,湖北省乌鲁木齐市友好盖街O座 580348,1997-06-11,2015-02-17,03,成为之后分析女人网上当然电影.,2026-01-03,XX医院
苏建国,01,220000196507241208,0,34,46,03,04,诺依曼软件网络有限公司,宁夏回族自治区桂芳县梁平李街A座 485745,北京市武汉县高港曾路W座 597190,张桂兰,05,13921703497,香港特别行政区淮安县海陵黄路i座 259260,1923-07-29,2002-05-26,05,有限都是工程继续那些规定.,2026-01-02,XX医院
赵亮,01,340000197401099946,0,21,19,05,06,浦华众城信息有限公司,甘肃省静县西峰傅街n座 961741,天津市哈尔滨县西峰程路Q座 502139,白超,04,14518993904,陕西省沈阳县城东汕尾路q座 783669,2008-07-27,2002-03-08,05,更新主要注意.,2026-01-08,XX医院
潘建平,01,310000198902081559,0,26,94,07,01,鑫博腾飞网络有限公司,四川省秀华市萧山丁路i座 207900,上海市呼和浩特县城北成都路F座 703555,张淑珍,01,13954089604,香港特别行政区旭市龙潭巢湖街s座 918092,2000-03-01,2017-09-28,05,注意工程这些经验同时我的.,2026-01-11,XX医院
王辉,01,370000194908287112,0,24,68,04,07,佳禾信息有限公司,台湾省鹏县合川南昌街m座 681045,吉林省桂兰市黄浦张街Y座 789391,杨鹏,05,18133051489,香港特别行政区玉英县锡山上海路q座 323273,2015-03-18,2004-01-11,01,出现正在过程经济汽车次数免费.,2026-01-08,XX医院
张文,01,62000019951015498X,1,16,113,06,07,商软冠联网络有限公司,江西省澳门市西夏黄路A座 689489,山东省秀华县城东呼和浩特路i座 520444,姜亮,04,13146029342,湖南省拉萨县徐汇呼和浩特路O座 215142,1921-02-18,2007-11-26,03,应用那个基本网上.,2026-01-09,XX医院
徐峰,01,360000190501306764,1,56,34,06,04,九方传媒有限公司,天津市宁市黄浦哈尔滨路g座 784671,内蒙古自治区北京市秀英辽阳街e座 614458,姚琴,04,18815330840,安徽省深圳市龙潭邯郸路v座 373906,2017-05-29,2011-02-04,04,一下价格数据如何关系就是.,2026-01-09,XX医院
王华,01,350000202112208849,1,56,25,03,05,凌云信息有限公司,黑龙江省鑫市西夏太原路K座 635968,西藏自治区太原县合川戚路C座 293852,王博,05,15337287114,海南省颖县翔安拉萨路j座 576886,2003-09-23,2021-09-15,02,提高这是事情其实.,2026-01-11,XX医院
崔梅,01,650000194312136855,1,35,83,01,07,维旺明科技有限公司,云南省柳州县平山北京街O座 661568,河北省广州市东城张街N座 243425,唐玉梅,05,18736310110,山西省磊市房山花路A座 132282,1928-08-06,2019-10-18,02,会员精华学校法律.,2026-01-10,XX医院
刘东,01,220000198605245295,0,51,90,09,05,佳禾科技有限公司,内蒙古自治区利县门头沟长春路h座 789521,山西省西宁市秀英费路K座 127161,梁秀英,05,14763231084,山西省龙市秀英贾街V座 917144,1921-01-05,2000-10-15,02,特别全部具有.,2026-01-06,XX医院
陈晨,01,110000197409221413,1,15,117,09,07,万迅电脑传媒有限公司,海南省北京县江北荆门街w座 349758,浙江省石家庄市友好张路G座 204085,吴洋,03,18939076069,四川省秀梅市安次王路F座 943772,1995-09-04,1997-12-16,03,如何处理制作这里.,2026-01-04,XX医院
唐雪,01,440000196904095495,1,39,43,07,07,迪摩科技有限公司,山西省坤市南长高街T座 437404,重庆市张家港市高明王街E座 549842,聂琴,03,14512815671,湖北省香港市长寿北镇街V座 328446,1917-06-21,2022-01-18,02,这些无法有限今天质量包括.,2026-01-05,XX医院
周建平,01,310000195110294077,1,06,115,02,03,昂歌信息科技有限公司,内蒙古自治区六盘水县黄浦郭街D座 986059,甘肃省玉华县南湖香港路x座 322538,黄成,05,18915952255,山东省杰县蓟州常街w座 682695,2003-08-22,2019-11-25,02,当然操作方式自己觉得.,2026-01-02,XX医院
门淑华,01,350000191502166698,0,03,86,05,01,天益信息有限公司,湖北省丽华县东城辽阳街z座 538368,四川省长沙市崇文大冶街m座 879437,刘彬,01,15533162346,香港特别行政区南宁县魏都六安路o座 986793,1939-02-21,2024-02-01,03,各种任何一般个人男人结果等级音乐.,2026-01-05,XX医院
谢浩,01,150000197104273500,1,17,16,07,03,华远软件科技有限公司,辽宁省拉萨市西峰香港街Y座 725252,云南省飞市黄浦潜江街t座 367481,丁秀荣,01,18049033344,台湾省济南县六枝特辽阳路Q座 429153,1915-03-07,2011-11-22,02,完成时间是一包括应该广告状态.,2026-01-10,XX医院
袁娜,01,440000191603162209,0,13,97,06,05,网新恒天传媒有限公司,山西省长春市蓟州南昌路h座 961343,山西省秀珍市金平林街E座 636414,李桂英,02,13624113326,山东省太原县新城合肥路t座 300847,1952-08-14,2021-10-22,01,设备通过孩子下载.,2026-01-02,XX医院
